"","Address","Phone","Hours"
"1","#2 - 575 A Alder Ave 100 Mile House, V0K 2E0","(250) 395-5590","Monday: 9:30am - 6:00pm|Tuesday: 9:30am - 6:00pm|Wednesday: 9:30am - 6:00pm|Thursday: 9:30am - 6:00pm|Friday: 9:30am - 9:00pm|Saturday: 9:30am - 6:00pm|Sunday: 11:00am - 6:00pm"
"2","4423 Main Street Vancouver, V5V 3R2","(604) 660-6678","Monday: 9:30am - 7:00pm|Tuesday: 9:30am - 7:00pm|Wednesday: 9:30am - 7:00pm|Thursday: 9:30am - 7:00pm|Friday: 9:30am - 9:00pm|Saturday: 9:30am - 9:00pm|Sunday: 11:00am - 6:00pm"
"3","5555 Cambie St Vancouver, V5Z 3A3","(604) 660-9463","Monday: 9:30am - 11:00pm|Tuesday: 9:30am - 11:00pm|Wednesday: 9:30am - 11:00pm|Thursday: 9:30am - 11:00pm|Friday: 9:30am - 11:00pm|Saturday: 9:30am - 11:00pm|Sunday: 11:00am - 6:00pm"
"4","2395 Cambie St Vancouver, V5Z 2T9","(604) 660-0158","Monday: 9:30am - 11:00pm|Tuesday: 9:30am - 11:00pm|Wednesday: 9:30am - 11:00pm|Thursday: 9:30am - 11:00pm|Friday: 9:30am - 11:00pm|Saturday: 9:30am - 11:00pm|Sunday: 11:00am - 6:00pm"
"5","40 - 32500 South Fraser Way Abbotsford, V2T 4W1","(604) 870-5919","Monday: 9:30am - 9:00pm|Tuesday: 9:30am - 9:00pm|Wednesday: 9:30am - 9:00pm|Thursday: 9:30am - 9:00pm|Friday: 9:30am - 11:00pm|Saturday: 9:30am - 11:00pm|Sunday: 11:00am - 6:00pm"
"6","117-2070 Sumas Way Abbotsford, V2S 2C7","(604) 870-5429","Monday: 9:30am - 9:00pm|Tuesday: 9:30am - 9:00pm|Wednesday: 9:30am - 9:00pm|Thursday: 9:30am - 9:00pm|Friday: 9:30am - 11:00pm|Saturday: 9:30am - 11:00pm|Sunday: 11:00am - 6:00pm"
"7","7250 Pioneer Ave Agassiz, V0M 1A0","(604) 796-2421","Monday: 9:30am - 6:00pm|Tuesday: 9:30am - 6:00pm|Wednesday: 9:30am - 6:00pm|Thursday: 9:30am - 6:00pm|Friday: 9:30am - 9:00pm|Saturday: 9:30am - 6:00pm|Sunday: 11:00am - 6:00pm"
"8","768 Bute Street Vancouver, V6E 4H6","(604) 660-4572","Monday: 9:30am - 11:00pm|Tuesday: 9:30am - 11:00pm|Wednesday: 9:30am - 11:00pm|Thursday: 9:30am - 11:00pm|Friday: 9:30am - 11:00pm|Saturday: 9:30am - 11:00pm|Sunday: 11:00am - 6:00pm"
"9","200 - 26310 Fraser Hwy Aldergrove, V4W 2Z7","(604) 856-7408","Monday: 9:30am - 9:00pm|Tuesday: 9:30am - 9:00pm|Wednesday: 9:30am - 9:00pm|Thursday: 9:30am - 9:00pm|Friday: 9:30am - 9:00pm|Saturday: 9:30am - 9:00pm|Sunday: 11:00am - 6:00pm"
"10","21 Maple St Alert Bay, V0N 1A0","(250) 974-5450","Monday: Closed Tuesday: 10:30 am - 6:00 pm|- Closed for lunch 1pm-2pm|Wednesday: 10:30 am - 6:00 pm|- Closed for lunch 1pm-2pm|Thursday: 10:30 am - 6:00 pm|- Closed for lunch 1pm-2pm|Friday: 10:30 am - 6:00 pm|- Closed for lunch 1pm-2pm|Saturday: 10:30 am - 6:00 pm|- Closed for lunch 1pm-2pm"
"11","1434 Marine Drive West Vancouver, V7T 1B7","(604) 981-0020","Monday: 9:30am - 7:00pm|Tuesday: 9:30am - 7:00pm|Wednesday: 9:30am - 7:00pm|Thursday: 9:30am - 7:00pm|Friday: 9:30am - 9:00pm|Saturday: 9:30am - 9:00pm|Sunday: 11:00am - 6:00pm"
"12","158 - 4255 Arbutus St Vancouver, V6J 4R1","(604) 660-1704","Monday: 10:00am - 6:00pm|Tuesday: 10:00am - 6:00pm|Wednesday: 10:00am - 6:00pm|Thursday: 10:00am - 7:00pm|Friday: 10:00am - 7:00pm|Saturday: 10:00am - 6:00pm|Sunday: 11:00am - 6:00pm"
"13","3495 Smith Drive Armstrong, V0E 1B0","(250) 546-9476","Monday: 9:30am - 7:00pm|Tuesday: 9:30am - 7:00pm|Wednesday: 9:30am - 7:00pm|Thursday: 9:30am - 7:00pm|Friday: 9:30am - 9:00pm|Saturday: 9:30am - 9:00pm|Sunday: 11:00am - 6:00pm"
"14","125 - 3rd St Ashcroft, V0K 1A0","(250) 453-2542","Monday: 10:30am - 6:00pm|Tuesday: 10:30am - 6:00pm|Wednesday: 10:30am - 6:00pm|Thursday: 10:30am - 6:00pm|Friday: 10:30am - 8:00pm|Saturday: 10:30am - 6:00pm"
"15","4639 Barriere Town Rd Barriere, V0E 1E0","(250) 672-9755","Monday: 9:30am - 6:00pm|- Closed for lunch 1pm-2pm|Tuesday: 9:30am - 6:00pm|Wednesday: 9:30am - 6:00pm|Thursday: 9:30am - 6:00pm|Friday: 9:30am - 8:00pm|Saturday: 9:30am - 6:00pm"
"16","624 Cliff St Bella Coola, V0T 1C0","(250) 799-5341","Monday: 10:30am - 6:00pm|- Closed for lunch 1pm-2pm|Tuesday: 10:30am - 6:00pm|- Closed for lunch 1pm-2pm|Wednesday: 10:30am - 6:00pm|- Closed for lunch 1pm-2pm|Thursday: 10:30am - 6:00pm|- Closed for lunch 1pm-2pm|Friday: 10:30am - 6:00pm|- Closed for lunch 1pm-2pm|Saturday: 10:30am - 6:00pm"
"17","787 Hillside Ave Victoria, V8T 1Z5","(250) 356-2915","Monday: 9:30am - 9:00pm|Tuesday: 9:30am - 9:00pm|Wednesday: 9:30am - 9:00pm|Thursday: 9:30am - 9:00pm|Friday: 9:30am - 9:00pm|Saturday: 9:30am - 9:00pm|Sunday: 11:00am - 6:00pm"
"18","777 Royal Oak Dr Victoria, V8X 4V1","(250) 744-1622","Monday: 9:30am - 9:00pm|Tuesday: 9:30am - 9:00pm|Wednesday: 9:30am - 9:00pm|Thursday: 9:30am - 9:00pm|Friday: 9:30am - 9:00pm|Saturday: 9:30am - 9:00pm|Sunday: 11:00am - 6:00pm"
"19","3150 Broadway St E Vancouver, V5M 1Z6","(604) 660-0604","Monday: 9:30am - 9:00pm|Tuesday: 9:30am - 9:00pm|Wednesday: 9:30am - 9:00pm|Thursday: 9:30am - 9:00pm|Friday: 9:30am - 11:00pm|Saturday: 9:30am - 11:00pm|Sunday: 11:00am - 6:00pm"
"20","2088 West Broadway Vancouver, V6J 1Z4","(604) 660-1703","Monday: 9:30am - 11:00pm|Tuesday: 9:30am - 11:00pm|Wednesday: 9:30am - 11:00pm|Thursday: 9:30am - 11:00pm|Friday: 9:30am - 11:00pm|Saturday: 9:30am - 11:00pm|Sunday: 11:00am - 6:00pm"
"21","8 -117 Hwy 35 Burns Lake, V0J 1E0","(250) 692-2258","Monday: 9:30am - 6:00pm|Tuesday: 9:30am - 6:00pm|Wednesday: 9:30am - 6:00pm|Thursday: 9:30am - 6:00pm|Friday: 9:30am - 9:00pm|Saturday: 9:30am - 6:00pm"
"22","1155 Bute St Vancouver, V6E 1Z7","(604) 660-4569","Monday: 9:30am - 11:00pm|Tuesday: 9:30am - 11:00pm|Wednesday: 9:30am - 11:00pm|Thursday: 9:30am - 11:00pm|Friday: 9:30am - 11:00pm|Saturday: 9:30am - 11:00pm|Sunday: 11:00am - 6:00pm"
"23","7509 Market Crossing Burnaby, V5J 0A3","(604) 660-6029","Monday: 9:30am - 9:00pm|Tuesday: 9:30am - 9:00pm|Wednesday: 9:30am - 9:00pm|Thursday: 9:30am - 9:00pm|Friday: 9:30am - 11:00pm|Saturday: 9:30am - 11:00pm|Sunday: 11:00am - 6:00pm"
"24","1360 Hwy 97 N Cache Creek, V0K 1H0","(250) 457-6636","Monday: 10:30am - 6:00pm|Tuesday: 10:30am - 6:00pm|Wednesday: 10:30am - 6:00pm|Thursday: 10:30am - 6:00pm|Friday: 10:30am - 8:00pm|Saturday: 10:30am - 6:00pm|Sunday: 11:00am - 6:00pm"
"25","1400 Dogwood Street Campbell River, V9W 3A6","(250) 287-4516","Monday: 9:30am - 9:00pm|Tuesday: 9:30am - 9:00pm|Wednesday: 9:30am - 9:00pm|Thursday: 9:30am - 9:00pm|Friday: 9:30am - 9:00pm|Saturday: 9:30am - 9:00pm|Sunday: 11:00am - 6:00pm"
"26","24 - 935 Marine Dr North Vancouver, V7P 1S3","(604) 981-0030","Monday: 10:00am - 6:00pm|Tuesday: 10:00am - 6:00pm|Wednesday: 10:00am - 6:00pm|Thursday: 10:00am - 9:00pm|Friday: 10:00am - 9:00pm|Saturday: 9:30am - 6:00pm|Sunday: 11:00am - 6:00pm"
"27","1655 Davie St Vancouver, V6G 1W1","(604) 660-4570","Monday: 9:30am - 11:00pm|Tuesday: 9:30am - 11:00pm|Wednesday: 9:30am - 11:00pm|Thursday: 9:30am - 11:00pm|Friday: 9:30am - 11:00pm|Saturday: 9:30am - 11:00pm|Sunday: 11:00am - 6:00pm"
"28","Unit G635 Columbia Avenue Castlegar, V1N 1G9","(250) 365-8543","Monday: 9:30am - 7:00pm|Tuesday: 9:30am - 7:00pm|Wednesday: 9:30am - 7:00pm|Thursday: 9:30am - 7:00pm|Friday: 9:30am - 9:00pm|Saturday: 9:30am - 9:00pm|Sunday: 11:00am - 6:00pm"
"29","195 - 5335 Headland Dr West Vancouver, V7W 3C6","(604) 922-8201","Monday: 9:30am - 9:00pm|Tuesday: 9:30am - 9:00pm|Wednesday: 9:30am - 9:00pm|Thursday: 9:30am - 9:00pm|Friday: 9:30am - 9:00pm|Saturday: 9:30am - 9:00pm|Sunday: 11:00am - 6:00pm"
"30","3611 Shelbourne St Victoria, V8P 4H1","(250) 952-4328","Monday: 9:30am - 7:00pm|Tuesday: 9:30am - 7:00pm|Wednesday: 9:30am - 7:00pm|Thursday: 9:30am - 7:00pm|Friday: 9:30am - 9:00pm|Saturday: 9:30am - 9:00pm|Sunday: 11:00am - 6:00pm"
"31","110 - 3150 East 54 Ave Vancouver, V5S 1Z1","(604) 660-1277","Monday: 9:30am - 7:00pm|Tuesday: 9:30am - 7:00pm|Wednesday: 9:30am - 7:00pm|Thursday: 9:30am - 7:00pm|Friday: 9:30am - 9:00pm|Saturday: 9:30am - 9:00pm|Sunday: 11:00am - 6:00pm"
"32","119 Chase St Chase, V0E 1M0","(250) 679-8454","Monday: 9:30am - 6:00pm|Tuesday: 9:30am - 6:00pm|Wednesday: 9:30am - 6:00pm|Thursday: 9:30am - 6:00pm|Friday: 9:30am - 9:00pm|Saturday: 9:30am - 6:00pm|Sunday: 11:00am - 6:00pm"
"33","2592 Legion St Chemainus, V0R 1K0","(250) 246-3531","Monday: 9:30am - 7:00pm|Tuesday: 9:30am - 7:00pm|Wednesday: 9:30am - 7:00pm|Thursday: 9:30am - 7:00pm|Friday: 9:30am - 9:00pm|Saturday: 9:30am - 9:00pm|Sunday: 11:00am - 6:00pm"
"34","49th Ave W Chetwynd, V0C 1J0","(250) 788-2657","Monday: 9:30am - 7:00pm|Tuesday: 9:30am - 7:00pm|Wednesday: 9:30am - 7:00pm|Thursday: 9:30am - 7:00pm|Friday: 9:30am - 9:00pm|Saturday: 9:30am - 9:00am Sunday: 11:00am - 6:00pm"
"35","46040 Yale Rd Chilliwack, V2P 7V2","(604) 795-8424","Monday: 9:30am - 9:00pm|Tuesday: 9:30am - 9:00pm|Wednesday: 9:30am - 9:00pm|Thursday: 9:30am - 9:00pm|Friday: 9:30am - 9:00pm|Saturday: 9:30am - 9:00pm|Sunday: 11:00am - 6:00pm"
"36","74 Young St Clearwater, V0E 1N2","(250) 674-3622","Monday: 9:30 am - 6:00 pm|Tuesday: 9:30 am - 6:00 pm|Wednesday: 9:30 am - 6:00 pm|Thursday: 9:30 am - 6:00 pm|Friday: 9:30 am - 9:00 pm|Saturday: 9:30 am - 6:00 pm"
"37","1421 Cariboo Hwy Clinton, V0K 1K0","(250) 459-2444","Monday: 10:30am - 6:00pm|Tuesday: 10:30am - 6:00pm|Wednesday: 10:30am - 6:00pm|Thursday: 10:30am - 6:00pm|Friday: 10:30am - 8:00pm|Saturday: 10:30am - 6:00pm"
"38","# 100 - 5630 176th St Surrey, V3S 4C6","(604) 574-4452","Monday: 9:30am - 9:00pm|Tuesday: 9:30am - 9:00pm|Wednesday: 9:30am - 9:00pm|Thursday: 9:30am - 9:00pm|Friday: 9:30am - 9:00pm|Saturday: 9:30am - 9:00pm|Sunday: 11:00am - 6:00pm"
"39","3436 Kingsway Vancouver, V5R 5L4","(604) 660-5484","Monday: 9:30am - 9:00pm|Tuesday: 9:30am - 9:00pm|Wednesday: 9:30am - 9:00pm|Thursday: 9:30am - 9:00pm|Friday: 9:30am - 11:00pm|Saturday: 9:30am - 11:00pm|Sunday: 11:00am - 6:00pm"
"40","1520 Commercial Dr Vancouver, V5L 3Y2","(604) 660-9088","Monday: 9:30am - 9:00pm|Tuesday: 9:30am - 9:00pm|Wednesday: 9:30am - 9:00pm|Thursday: 9:30am - 9:00pm|Friday: 9:30am - 9:00pm|Saturday: 9:30am - 9:00pm|Sunday: 11:00am - 6:00pm"
"41","1972 Como Lake Rd Coquitlam, V3J 3R3","(604) 931-6612","Monday: 9:30am - 9:00pm|Tuesday: 9:30am - 9:00pm|Wednesday: 9:30am - 9:00pm|Thursday: 9:30am - 9:00pm|Friday: 9:30am - 9:00pm|Saturday: 9:30am - 9:00pm|Sunday: 11:00am - 6:00pm"
"42","204 Port Augusta Street Comox, V9M 3N1","(250) 339-3812","Monday: 9:30am - 7:00pm|Tuesday: 9:30am - 7:00pm|Wednesday: 9:30am - 7:00pm|Thursday: 9:30am - 7:00pm|Friday: 9:30am - 9:00pm|Saturday: 9:30am - 9:00pm|Sunday: 11:00am - 6:00pm"
"43","1095 Cliffe Ave Courtenay, V9N 2J9","(250) 334-1333","Monday: 9:30am - 9:00pm|Tuesday: 9:30am - 9:00pm|Wednesday: 9:30am - 9:00pm|Thursday: 9:30am - 9:00pm|Friday: 9:30am - 9:00pm|Saturday: 9:30am - 9:00pm|Sunday: 11:00am - 6:00pm"
"44","100-425 Victoria Ave. N Cranbrook, V1C 6S3","(250) 426-1298","Monday: 9:30am - 9:00pm|Tuesday: 9:30am - 9:00pm|Wednesday: 9:30am - 9:00pm|Thursday: 9:30am - 9:00pm|Friday: 9:30am - 11:00pm|Saturday: 9:30am - 11:00pm|Sunday: 11:00am - 6:00pm"
"45","2 - 1000 NW Blvd Mall Creston, V0B 1G0","(250) 428-3250","Monday: 9:30am - 7:00pm|Tuesday: 9:30am - 7:00pm|Wednesday: 9:30am - 7:00pm|Thursday: 9:30am - 7:00pm|Friday: 9:30am - 9:00pm|Saturday: 9:30am - 9:00pm|Sunday: 11:00am - 6:00pm"
"46","2700 Dunsmuir Ave Cumberland, V0R 1S0","(250) 336-2242","Monday: 10:30 am - 6:00 pm|- *Closed 12pm-1pm|for lunch Tuesday: 10:30 am - 6:00 pm|- *Closed 12pm-1pm|for lunch Wednesday: 10:30 am - 6:00 pm|- *Closed 12pm-1pm|for lunch Thursday: 10:30 am - 6:00 pm|- *Closed 12pm-1pm|for lunch Friday: 10:30 am - 8:00 pm|Saturday: 10:30 am - 6:00 pm"
"47","1020 Alaska Ave Dawson Creek, V1G 1Y6","(250) 784-2248","Monday: 9:30 am - 9:00 pm|Tuesday: 9:30 am - 9:00 pm|Wednesday: 9:30 am - 9:00 pm|Thursday: 9:30am - 9:00pm|Friday: 9:30am - 9:00pm|Saturday: 9:30am - 9:00pm|Sunday: 11:00am - 6:00pm"
"48","411 Dollarton Hwy N North Vancouver, V7G 1M9","(604) 929-2112","Monday: 9:30am - 9:00pm|Tuesday: 9:30am - 9:00pm|Wednesday: 9:30am - 9:00pm|Thursday: 9:30am - 9:00pm|Friday: 9:30am - 9:00pm|Saturday: 9:30am - 9:00pm|Sunday: 11:00am - 6:00pm"
"49","3453 Dunbar St Vancouver, V6S 2C3","(604) 224-4412","Monday: 9:30am - 9:00pm|Tuesday: 9:30am - 9:00pm|Wednesday: 9:30am - 9:00pm|Thursday: 9:30am - 9:00pm|Friday: 9:30am - 11:00pm|Saturday: 9:30am - 11:00pm|Sunday: 11:00am - 6:00pm"
"50","180 Central Road Duncan, V9L 4X3","(250) 715-2770","Monday: 9:30am - 9:00pm|Tuesday: 9:30am - 9:00pm|Wednesday: 9:30am - 9:00pm|Thursday: 9:30am - 9:00pm|Friday: 9:30am - 9:00pm|Saturday: 9:30am - 9:00pm|Sunday: 11:00am - 6:00pm"
"51","814 Michel Rd Elkford, V0B 1H0","(250) 865-2466","Monday: Closed Tuesday: 10:30 am - 6:00 pm|- Closed for lunch 1pm-2pm|Wednesday: 10:30 am - 6:00 pm|- Closed for lunch 1pm-2pm|Thursday: 10:30 am - 6:00 pm|- Closed for lunch 1pm-2pm|Friday: 10:30 am - 6:00 pm|Saturday: 10:30 am - 6:00 pm"
"52","119 George St Enderby, V0E 1V0","(250) 838-7308","Monday: 9:30am - 7:00pm|Tuesday: 9:30am - 7:00pm|Wednesday: 9:30am - 7:00pm|Thursday: 9:30am - 7:00pm|Friday: 9:30am - 9:00pm|Saturday: 9:30am - 7:00pm|Sunday: 11:00am - 6:00pm"
"53","100 - 132 W Esplanade North Vancouver, V7M 1A2","(604) 981-0031","Monday: 9:30am - 9:00pm|Tuesday: 9:30am - 9:00pm|Wednesday: 9:30am - 9:00pm|Thursday: 9:30am - 9:00pm|Friday: 9:30am - 9:00pm|Saturday: 9:30am - 9:00pm|Sunday: 11:00am - 6:00pm"
"54","1520 Fairfield Rd Victoria, V8S 1G1","(250) 952-4159","Monday: 9:30am - 9:00pm|Tuesday: 9:30am - 9:00pm|Wednesday: 9:30am - 9:00pm|Thursday: 9:30am - 9:00pm|Friday: 9:30am - 9:00pm|Saturday: 9:30am - 9:00pm|Sunday: 11:00am - 6:00pm"
"55","792 - 2nd Ave Fernie, V0B 1M0","(250) 423-6006","Monday: 9:30am - 7:00pm|Tuesday: 9:30am - 7:00pm|Wednesday: 9:30am - 7:00pm|Thursday: 9:30am - 7:00pm|Friday: 9:30am - 9:00pm|Saturday: 9:30am - 9:00pm|Sunday: 11:00am - 6:00pm"
"56","8904 - 152nd St Surrey, V3R 4E4","(604) 582-0008","Monday: 9:30am - 9:00pm|Tuesday: 9:30am - 9:00pm|Wednesday: 9:30am - 9:00pm|Thursday: 9:30am - 9:00pm|Friday: 9:30am - 11:00pm|Saturday: 9:30am - 11:00pm|Sunday: 11:00am - 6:00pm"
"57","9110 Glover Rd Fort Langley, V1M 2R9","(604) 888-5711","Monday: 9:30am - 7:00pm|Tuesday: 9:30am - 7:00pm|Wednesday: 9:30am - 7:00pm|Thursday: 9:30am - 7:00pm|Friday: 9:30am - 9:00pm|Saturday: 9:30am - 9:00pm|Sunday: 11:00am - 6:00pm"
"58","5107 Airport Dr Fort Nelson, V0C 1R0","(250) 774-6757","Monday: 9:30am - 6:00pm|Tuesday: 9:30am - 6:00pm|Wednesday: 9:30am - 6:00pm|Thursday: 9:30am - 6:00pm|Friday: 9:30am - 9:00pm|Saturday: 9:30am - 6:00pm"
"59","161 Stuart Drive West Fort St James, V0J 1P0","(250) 996-8414","Monday: 9:30am - 6:00pm|Tuesday: 9:30am - 6:00pm|Wednesday: 9:30am - 6:00pm|Thursday: 9:30am - 6:00pm|Friday: 9:30am - 9:00pm|Saturday: 9:30am - 9:00pm|Sunday: 11:00am - 6:00pm"
"60","10444 - 100th St Fort St John, V1J 3Z1","(250) 787-3405","Monday: 9:30am - 9:00pm|Tuesday: 9:30am - 9:00pm|Wednesday: 9:30am - 9:00pm|Thursday: 9:30am - 9:00pm|Friday: 9:30am - 9:00pm|Saturday: 9:30am - 9:00pm|Sunday: 11:00am - 6:00pm"
"61","1960 Foul Bay Rd Victoria, V8R 5A7","(250) 952-4220","Monday: 9:30am - 11:00pm|Tuesday: 9:30am - 11:00pm|Wednesday: 9:30am - 11:00pm|Thursday: 9:30am - 11:00pm|Friday: 9:30am - 11:00pm|Saturday: 9:30am - 11:00pm|Sunday: 11:00am - 6:00pm"
"62","111 Chowsunket Ave Fraser Lake, V0J 1S0","(250) 699-7717","Monday: 10:30am - 6:00pm|- Closed for lunch 1pm-2pm|Tuesday: 10:30am - 6:00pm|- Closed for lunch 1pm-2pm|Wednesday: 10:30am - 6:00pm|- Closed for lunch 1pm-2pm|Thursday: 10:30am - 6:00pm|- Closed for lunch 1pm-2pm|Friday: 10:30am - 8:00pm|Saturday: 10:30am - 6:00pm"
"63","1952 Columbia Garden Rd Fruitvale, V0G 1L0","(250) 367-9112","Monday: 10:30am - 6:00pm|Tuesday: 10:30am - 6:00pm|Wednesday: 10:30am - 6:00pm|Thursday: 10:30am - 6:00pm|Friday: 10:30am - 8:00pm|Saturday: 10:30am - 6:00pm"
"64","548 North Road Gabriola Island, V0R 1X0","(250) 247-0271","Monday: 9:30am - 7:00pm|Tuesday: 9:30am - 7:00pm|Wednesday: 9:30am - 7:00pm|Thursday: 9:30am - 7:00pm|Friday: 9:30am - 9:00pm|Saturday: 9:30am - 9:00pm|Sunday: 11:00am - 6:00pm"
"65","1107 - 115 Fulford Ganges Rd Salt Spring Island, V8K 2T9","(250) 537-5441","Monday: 9:30am - 7:00pm|Tuesday: 9:30am - 7:00pm|Wednesday: 9:30am - 7:00pm|Thursday: 9:30am - 7:00pm|Friday: 9:30am - 9:00pm|Saturday: 9:30am - 9:00pm|Sunday: 11:00am - 6:00pm"
"66","900 Gibsons Way Gibsons, V0N 1V7","(604) 886-2013","Monday: 9:30am - 9:00pm|Tuesday: 9:30am - 9:00pm|Wednesday: 9:30am - 9:00pm|Thursday: 9:30am - 9:00pm|Friday: 9:30am - 9:00pm|Saturday: 9:30am - 9:00pm|Sunday: 11:00am - 6:00pm"
"67","375 Nimpkish St Gold River, V0P 1G0","(250) 283-2919","Monday: Closed Tuesday: 10:30 am - 6:00 pm|- Closed for lunch 1:30pm-2:30pm|Wednesday: 10:30 am - 6:00 pm|- Closed for lunch 1:30pm-2:30pm|Thursday: 10:30 am - 6:00 pm|- Closed for lunch 1:30pm-2:30pm|Friday: 10:30 am - 6:00 pm|- Closed for lunch 1:30pm-2:30pm|Saturday: 10:30 am - 6:00 pm|- Closed for lunch 1:30pm-2:30pm"
"68","906 10th Ave South Golden, V0A 1H0","(250) 344-7558","Monday: 9:30am - 7:00pm|Tuesday: 9:30am - 7:00pm|Wednesday: 9:30am - 7:00pm|Thursday: 9:30am - 7:00pm|Friday: 9:30am - 9:00pm|Saturday: 9:30am - 9:00pm|Sunday: 11:00am - 6:00pm"
"69","2955 Tillicum Rd Victoria, V9A 2A6","(250) 387-1600","Monday: 9:30am - 9:00pm|Tuesday: 9:30am - 9:00pm|Wednesday: 9:30am - 9:00pm|Thursday: 9:30am - 9:00pm|Friday: 9:30am - 11:00pm|Saturday: 9:30am - 11:00pm|Sunday: 11:00am - 6:00pm"
"70","451 Central Ave Grand Forks, V0H 1H0","(250) 442-5440","Monday: 9:30am - 7:00pm|Tuesday: 9:30am - 7:00pm|Wednesday: 9:30am - 7:00pm|Thursday: 9:30am - 7:00pm|Friday: 9:30am - 9:00pm|Saturday: 9:30am - 9:00pm|Sunday: 11:00am - 6:00pm"
"71","272 S Copper St. Greenwood, V0H 1J0","(250) 445-6336","Monday: Closed Tuesday: 10:30am - 6:00pm|- Closed for lunch 1pm-2pm|Wednesday: 10:30am - 6:00pm|- Closed for lunch 1pm-2pm|Thursday: 10:30am - 6:00pm|- Closed for lunch 1pm-2pm|Friday: 10:30am - 6:00pm|- Closed for lunch 1pm-2pm|Saturday: 10:30am - 6:00pm|- Closed for lunch 1pm-2pm"
"72","10355 - 152 Street Surrey, V3R 7C1","(604) 581-1511","Monday: 9:30am - 9:00pm|Tuesday: 9:30am - 9:00pm|Wednesday: 9:30am - 9:00pm|Thursday: 9:30am - 9:00pm|Friday: 9:30am - 9:00pm|Saturday: 9:30am - 9:00pm|Sunday: 11:00am - 6:00pm"
"73","300-22709 Lougheed Hwy Maple Ridge, V2X 2V5","(604) 463-4509","Monday: 9:30am - 6:00pm|Tuesday: 9:30am - 6:00pm|Wednesday: 9:30am - 6:00pm|Thursday: 9:30am - 9:00pm|Friday: 9:30am - 9:00pm|Saturday: 9:30am - 6:00pm|Sunday: 11:00am - 6:00pm"
"74","555 W Hastings Vancouver, V6B 4N5","(604) 660-4574","Monday: 10:00 am - 6:00 pm|Tuesday: 10:00 am - 6:00 pm|Wednesday: 10:00 am - 6:00 pm|Thursday: 10:00 am - 6:00 pm|Friday: 10:00 am - 6:00 pm|Saturday: 10:00 am - 6:00 pm"
"75","4330 Field St Hazelton, V0J 1Y0","(250) 842-5424","Monday: 10:30 am - 6:00 pm|Tuesday: 10:30 am - 6:00 pm|Wednesday: 10:30 am - 6:00 pm|Thursday: 10:30 am - 6:00 pm|Friday: 10:30 am - 8:00 pm|Saturday: 10:30 am - 6:00 pm"
"76","235 - 7155 Kingsway Burnaby, V5E 2V1","(604) 660-8731","Monday: 9:30am - 9:00pm|Tuesday: 9:30am - 9:00pm|Wednesday: 9:30am - 9:00pm|Thursday: 9:30am - 9:00pm|Friday: 9:30am - 11:00pm|Saturday: 9:30am - 11:00pm|Sunday: 11:00am - 6:00pm"
"77","1644 Hillside Avenue Victoria, V8T 2C5","(250) 952-4033","Monday: 9:30am - 11:00pm|Tuesday: 9:30am - 11:00pm|Wednesday: 9:30am - 11:00pm|Thursday: 9:30am - 11:00pm|Friday: 9:30am - 11:00pm|Saturday: 9:30am - 11:00pm|Sunday: 11:00am - 6:00pm"
"78","770 5th Ave Hope, V0X 1L0","(604) 869-5231","Monday: 9:30am - 7:00pm|Tuesday: 9:30am - 7:00pm|Wednesday: 9:30am - 7:00pm|Thursday: 9:30am - 7:00pm|Friday: 9:30am - 9:00pm|Saturday: 9:30am - 9:00pm|Sunday: 11:00am - 6:00pm"
"79","3232 Hwy 16 Houston, V0J 1Z0","(250) 845-7444","Monday: 9:30am - 6:00pm|Tuesday: 9:30am - 6:00pm|Wednesday: 9:30am - 6:00pm|Thursday: 9:30am - 6:00pm|Friday: 9:30am - 9:00pm|Saturday: 9:30am - 6:00pm"
"80","10328 Gething Street Hudson Hope, V0C 1V0","(250) 783-5230","Monday: Closed Tuesday: 10:30am - 6:00pm|- Closed for lunch 1pm-2pm|Wednesday: 10:30am - 6:00pm|- Closed for lunch 1pm-2pm|Thursday: 10:30am - 6:00pm|- Closed for lunch 1pm-2pm|Friday: 10:30am - 6:00pm|- Closed for lunch 1pm-2pm|Saturday: 10:30am - 6:00pm|- Closed for lunch 1pm-2pm"
"81","510 - 13th St Invermere, V0A 1K0","(250) 342-4292","Monday: 9:30am - 7:00pm|Tuesday: 9:30am - 7:00pm|Wednesday: 9:30am - 7:00pm|Thursday: 9:30am - 7:00pm|Friday: 9:30am - 9:00pm|Saturday: 9:30am - 9:00pm|Sunday: 11:00am - 6:00pm"
"82","101 - 225 Menzies Street Victoria, V8V 2G6","(250) 953-3996","Monday: 9:30am - 7:00pm|Tuesday: 9:30am - 7:00pm|Wednesday: 9:30am - 7:00pm|Thursday: 9:30am - 7:00pm|Friday: 9:30am - 9:00pm|Saturday: 9:30am - 9:00pm|Sunday: 11:00am - 6:00pm"
"83","101 - 2083 Alma St Vancouver, V6R 4N6","(604) 224-9380","Monday: 9:30am - 9:00pm|Tuesday: 9:30am - 9:00pm|Wednesday: 9:30am - 9:00pm|Thursday: 9:30am - 9:00pm|Friday: 9:30am - 11:00pm|Saturday: 9:30am - 11:00pm|Sunday: 11:00am - 6:00pm"
"84","600-1210 Summit Dr Kamloops, V2C 6M1","(250) 828-4319","Monday: 9:30am - 9:00pm|Tuesday: 9:30am - 9:00pm|Wednesday: 9:30am - 9:00pm|Thursday: 9:30am - 9:00pm|Friday: 9:30am - 11:00pm|Saturday: 9:30am - 11:00pm|Sunday: 11:00am - 6:00pm"
"85","78-700 Tranquille Rd Kamloops, V2B 3H9","(250) 828-4113","Monday: 9:30am - 9:00pm|Tuesday: 9:30am - 9:00pm|Wednesday: 9:30am - 9:00pm|Thursday: 9:30am - 9:00pm|Friday: 9:30am - 11:00pm|Saturday: 9:30am - 11:00pm|Sunday: 11:00am - 6:00pm"
"86","3435 Westsyde Rd Kamloops, V2B 7H1","(250) 579-9033","Monday: 9:30am - 7:00pm|Tuesday: 9:30am - 7:00pm|Wednesday: 9:30am - 7:00pm|Thursday: 9:30am - 7:00pm|Friday: 9:30am - 9:00pm|Saturday: 9:30am - 9:00pm|Sunday: 11:00am - 6:00pm"
"87","410 Front St Kaslo, V0G 1M0","(250) 353-2434","Monday: 10:30am - 6:00pm|Tuesday: 10:30am - 6:00pm|Wednesday: 10:30am - 6:00pm|Thursday: 10:30am - 6:00pm|Friday: 10:30am - 8:00pm|Saturday: 10:30am - 6:00pm|Sunday: 11:00am - 6:00pm"
"88","35 - 3155 Lakeshore Rd Kelowna, V1W 3S9","(250) 861-7260","Monday: 9:30am - 9:00pm|Tuesday: 9:30am - 9:00pm|Wednesday: 9:30am - 9:00pm|Thursday: 9:30am - 9:00pm|Friday: 9:30am - 11:00pm|Saturday: 9:30am - 11:00pm|Sunday: 11:00am - 6:00pm"
"89","109-1835 Dilworth Drive Kelowna, V1Y 9T1","(250) 861-7337","Monday: 9:30am - 11:00pm|Tuesday: 9:30am - 11:00pm|Wednesday: 9:30am - 11:00pm|Thursday: 9:30am - 11:00pm|Friday: 9:30am - 11:00pm|Saturday: 9:30am - 11:00pm|Sunday: 11:00am - 6:00pm"
"90","6512 Hastings Street Burnaby, V5B 1S2","(604) 660-0322","Monday: 9:30am - 6:00pm|Tuesday: 9:30am - 6:00pm|Wednesday: 9:30am - 6:00pm|Thursday: 9:30am - 6:00pm|Friday: 9:30am - 9:00pm|Saturday: 9:30am - 6:00pm"
"91","609 HYW 3 Keremeos, V0X 1N0","(250) 499-5812","Monday: 9:30am - 7:00pm|Tuesday: 9:30am - 7:00pm|Wednesday: 9:30am - 7:00pm|Thursday: 9:30am - 7:00pm|Friday: 9:30am - 9:00pm|Saturday: 9:30am - 7:00pm|Sunday: 11:00am - 6:00pm"
"92","2058 W 41st Ave Vancouver, V6M 1Y8","(604) 266-6922","Monday: 9:30am - 7:00pm|Tuesday: 9:30am - 7:00pm|Wednesday: 9:30am - 7:00pm|Thursday: 9:30am - 7:00pm|Friday: 9:30am - 9:00pm|Saturday: 9:30am - 9:00pm|Sunday: 11:00am - 6:00pm"
"93","425 Mark St Kimberley, V1A 2B5","(250) 427-2322","Monday: 9:30am - 7:00pm|Tuesday: 9:30am - 7:00pm|Wednesday: 9:30am - 7:00pm|Thursday: 9:30am - 7:00pm|Friday: 9:30am - 9:00pm|Saturday: 9:30am - 9:00pm|Sunday: 11:00am - 6:00pm"
"94","7488 King George Hwy Surrey, V3W 0H9","(604) 501-3140","Monday: 9:30am - 9:00pm|Tuesday: 9:30am - 9:00pm|Wednesday: 9:30am - 9:00pm|Thursday: 9:30am - 9:00pm|Friday: 9:30am - 11:00pm|Saturday: 9:30am - 11:00pm|Sunday: 11:00am - 6:00pm"
"95","370 E Broadway Vancouver, V5T 4G5","(604) 660-6675","Monday: 9:30am - 9:00pm|Tuesday: 9:30am - 9:00pm|Wednesday: 9:30am - 9:00pm|Thursday: 9:30am - 9:00pm|Friday: 9:30am - 9:00pm|Saturday: 9:30am - 9:00pm|Sunday: 11:00am - 6:00pm"
"96","550 Mountainview Sq Kitimat, V8C 2N2","(250) 632-6616","Monday: 9:30am - 7:00pm|Tuesday: 9:30am - 7:00pm|Wednesday: 9:30am - 7:00pm|Thursday: 9:30am - 7:00pm|Friday: 9:30am - 9:00pm|Saturday: 9:30am - 9:00pm|Sunday: 11:00am - 6:00pm"
"97","5202 48th Ave Ladner, V4K 1W4","(604) 946-2020","Monday: 9:30am - 9:00pm|Tuesday: 9:30am - 9:00pm|Wednesday: 9:30am - 9:00pm|Thursday: 9:30am - 9:00pm|Friday: 9:30am - 9:00pm|Saturday: 9:30am - 9:00pm|Sunday: 11:00am - 6:00pm"
"98","370 Trans Canada Hwy Ladysmith, V9G 1T9","(250) 245-7359","Monday: 9:30am - 7:00pm|Tuesday: 9:30am - 7:00pm|Wednesday: 9:30am - 7:00pm|Thursday: 9:30am - 7:00pm|Friday: 9:30am - 9:00pm|Saturday: 9:30am - 9:00pm|Sunday: 11:00am - 6:00pm"
"99","93 Darnel Rd Lake Cowichan, V0R 2G0","(250) 749-3424","Monday: 9:30am - 7:00pm|Tuesday: 9:30am - 7:00pm|Wednesday: 9:30am - 7:00pm|Thursday: 9:30am - 7:00pm|Friday: 9:30am - 9:00pm|Saturday: 9:30am - 9:00pm|Sunday: 11:00am - 6:00pm"
"100","6435 201 Street Langley, V2Y 2X4","(604) 532-4911","Monday: 9:30am - 11:00pm|Tuesday: 9:30am - 11:00pm|Wednesday: 9:30am - 11:00pm|Thursday: 9:30am - 11:00pm|Friday: 9:30am - 11:00pm|Saturday: 9:30am - 11:00pm|Sunday: 11:00am - 6:00pm"
"101","155 Main St Lillooet, V0K 1V0","(250) 256-4356","Monday: 10:00 am - 6:00 pm|Tuesday: 10:00 am - 6:00 pm|Wednesday: 10:00 am - 6:00 pm|Thursday: 10:00 am - 6:00 pm|Friday: 10:00 am - 8:00 pm|Saturday: 10:00 am - 6:00 pm"
"102","10 - 150 Opal Dr Logan Lake, V0K 1W0","(250) 523-6712","Monday: 10:30am - 6:00pm|- Closed for lunch 1pm-2pm|Tuesday: 10:30am - 6:00pm|- Closed for lunch 1pm-2pm|Wednesday: 10:30am - 6:00pm|- Closed for lunch 1pm-2pm|Thursday: 10:30am - 6:00pm|- Closed for lunch 1pm-2pm|Friday: 10:30am - 6:00pm|- Closed for lunch 1pm-2pm|Saturday: 10:30am - 6:00pm|- Closed for lunch 1pm-2pm"
"103","2080 Vernon St Lumby, V0E 2G0","(250) 547-2322","Monday: 9:30am - 7:00pm|Tuesday: 9:30am - 7:00pm|Wednesday: 9:30am - 7:00pm|Thursday: 9:30am - 7:00pm|Friday: 9:30am - 9:00pm|Saturday: 9:30am - 9:00pm|Sunday: 11:00am - 6:00pm"
"104","15 - 1199 Lynn Valley Rd North Vancouver, V7J 3H2","(604) 981-0014","Monday: 9:30am - 9:00pm|Tuesday: 9:30am - 9:00pm|Wednesday: 9:30am - 9:00pm|Thursday: 9:30am - 9:00pm|Friday: 9:30am - 11:00pm|Saturday: 9:30am - 11:00pm|Sunday: 11:00am - 5:00pm"
"105","403 MacKenzie Blvd MacKenzie, V0J 2C0","(250) 997-3700","Monday: 9:30 am - 7:00 pm|Tuesday: 9:30 am - 7:00 pm|Wednesday: 9:30 am - 7:00 pm|Thursday: 9:30 am - 7:00 pm|Friday: 9:30 am - 9:00 pm|Saturday: 9:30 am - 7:00 pm"
"106","1-12887 Madeira Park Road Madeira Park, V0N 2H0","(604) 883-2737","Monday: 9:30am - 7:00pm|Tuesday: 9:30am - 7:00pm|Wednesday: 9:30am - 7:00pm|Thursday: 9:30am - 7:00pm|Friday: 9:30am - 9:00pm|Saturday: 9:30am - 9:00pm|Sunday: 11:00am - 6:00pm"
"107","1525 West 70th Ave Vancouver, V6P 5A1","(604) 266-5931","Monday: 9:30am - 9:00pm|Tuesday: 9:30am - 9:00pm|Wednesday: 9:30am - 9:00pm|Thursday: 9:30am - 9:00pm|Friday: 9:30am - 11:00pm|Saturday: 9:30am - 11:00pm|Sunday: 11:00am - 6:00pm"
"108","2072 Collison Masset, V0T 1M0","(250) 626-5111","Monday: 10:30am - 6:00pm|- Closed for lunch 1pm-2pm|Tuesday: 10:30am - 6:00pm|- Closed for lunch 1pm-2pm|Wednesday: 10:30am - 6:00pm|- Closed for lunch 1pm-2pm|Thursday: 10:30am - 6:00pm|- Closed for lunch 1pm-2pm|Friday: 10:30am - 8:00pm|- Closed for lunch 1pm-2pm|Saturday: 10:30am - 6:00pm|- Closed for lunch 1pm-2pm"
"109","500 Robson Ctr, Hwy 16 McBride, V0J 2E0","(250) 569-2385","Monday: 10:30am - 6:00pm|Tuesday: 10:30am - 6:00pm|Wednesday: 10:30am - 6:00pm|Thursday: 10:30am - 6:00pm|Friday: 10:30am - 8:00pm|Saturday: 10:30am - 6:00pm"
"110","810 - 19800 Lougheed Hwy Pitt Meadows, V3Y 2W1","(604) 460-2601","Monday: 9:30am - 9:00pm|Tuesday: 9:30am - 9:00pm|Wednesday: 9:30am - 9:00pm|Thursday: 9:30am - 9:00pm|Friday: 9:30am - 11:00pm|Saturday: 9:30am - 11:00pm|Sunday: 11:00am - 6:00pm"
"111","104 - 1700 Garcia St Merritt, V1K 1B8","(250) 378-9384","Monday: 9:30am - 7:00pm|Tuesday: 9:30am - 7:00pm|Wednesday: 9:30am - 7:00pm|Thursday: 9:30am - 7:00pm|Friday: 9:30am - 9:00pm|Saturday: 9:30am - 9:00pm|Sunday: 11:00am - 6:00pm"
"112","270 - 2720 Mill Bay Rd Mill Bay, V0R 2P1","(250) 743-2161","Monday: 9:30am - 7:00pm|Tuesday: 9:30am - 7:00pm|Wednesday: 9:30am - 7:00pm|Thursday: 9:30am - 7:00pm|Friday: 9:30am - 9:00pm|Saturday: 9:30am - 9:00pm|Sunday: 11:00am - 6:00pm"
"113","207-32530 Lougheed Hwy Mission, V2V 1A5","(604) 826-2541","Monday: 9:30am - 9:00pm|Tuesday: 9:30am - 9:00pm|Wednesday: 9:30am - 9:00pm|Thursday: 9:30am - 9:00pm|Friday: 9:30am - 11:00pm|Saturday: 9:30am - 11:00pm|Sunday: 11:00am - 6:00pm"
"114","87 5th Ave W Nakusp, V0G 1R0","(250) 265-3654","Monday: 9:30am - 7:00pm|Tuesday: 10:30am - 6:00pm|- Closed for lunch 1pm-2pm|Wednesday: 9:30am - 7:00pm|Thursday: 10:30am - 6:00pm|- Closed for lunch 1pm-2pm|Friday: 10:30am - 8:00pm|Saturday: 9:30am - 9:00pm|Sunday: 11:00am - 6:00pm"
"115","3-5765 Turner Rd Nanaimo, V9T 6L8","(250) 729-2647","Monday: 9:30am - 9:00pm|Tuesday: 9:30am - 9:00pm|Wednesday: 9:30am - 9:00pm|Thursday: 9:30am - 9:00pm|Friday: 9:30am - 9:00pm|Saturday: 9:30am - 9:00pm|Sunday: 11:00am - 6:00pm"
"116","650 Terminal Ave Nanaimo, V9R 5E2","(250) 716-5205","Monday: 9:30am - 9:00pm|Tuesday: 9:30am - 9:00pm|Wednesday: 9:30am - 9:00pm|Thursday: 9:30am - 9:00pm|Friday: 9:30am - 9:00pm|Saturday: 9:30am - 9:00pm|Sunday: 11:00am - 6:00pm"
"117","1533 Estevan Rd Nanaimo, V9S 3Y3","(250) 741-5560","Monday: 9:30am - 9:00pm|Tuesday: 9:30am - 9:00pm|Wednesday: 9:30am - 9:00pm|Thursday: 9:30am - 9:00pm|Friday: 9:30am - 11:00pm|Saturday: 9:30am - 11:00pm|Sunday: 11:00am - 6:00pm"
"118","209 Anderson St Nelson, V1L 3X8","(250) 354-6119","Monday: 9:30am - 9:00pm|Tuesday: 9:30am - 9:00pm|Wednesday: 9:30am - 9:00pm|Thursday: 9:30am - 9:00pm|Friday: 9:30am - 9:00pm|Saturday: 9:30am - 9:00pm|Sunday: 11:00am - 6:00pm"
"119","Josephine Street New Denver, V0G 1S0","(250) 358-2341","Monday: 10:30am - 6:00pm|Tuesday: 10:30am - 6:00pm|Wednesday: 10:30am - 6:00pm|Thursday: 10:30am - 6:00pm|Friday: 10:30am - 6:00pm|Saturday: 10:30am - 6:00pm"
"120","1075 Columbia Street New Westminster, V3M 1C4","(604) 660-8699","Monday: 9:30am - 9:00pm|Tuesday: 9:30am - 9:00pm|Wednesday: 9:30am - 9:00pm|Thursday: 9:30am - 9:00pm|Friday: 9:30am - 11:00pm|Saturday: 9:30am - 11:00pm|Sunday: 11:00am - 6:00pm"
"121","140 - 1097 Nicola Avenue Port Coquitlam, V3B 8B2","(604) 464-3576","Monday: 9:30am - 9:00pm|Tuesday: 9:30am - 9:00pm|Wednesday: 9:30am - 9:00pm|Thursday: 9:30am - 9:00pm|Friday: 9:30am - 11:00pm|Saturday: 9:30am - 11:00pm|Sunday: 11:00am - 6:00pm"
"122","116 - 12080 Nordel Way Surrey, V3W 1P6","(604) 501-3201","Monday: 9:30am - 9:00pm|Tuesday: 9:30am - 9:00pm|Wednesday: 9:30am - 9:00pm|Thursday: 9:30am - 9:00pm|Friday: 9:30am - 11:00pm|Saturday: 9:30am - 11:00pm|Sunday: 11:00am - 6:00pm"
"123","4450 Hastings St E Burnaby, V5C 2K2","(604) 660-7366","Monday: 9:30am - 9:00pm|Tuesday: 9:30am - 9:00pm|Wednesday: 9:30am - 9:00pm|Thursday: 9:30am - 9:00pm|Friday: 9:30am - 11:00pm|Saturday: 9:30am - 11:00pm|Sunday: 11:00am - 6:00pm"
"124","3433 North Road Burnaby, V3J 0A9","(604) 664-0844","Monday: 9:30am - 9:00pm|Tuesday: 9:30am - 9:00pm|Wednesday: 9:30am - 9:00pm|Thursday: 9:30am - 9:00pm|Friday: 9:30am - 11:00pm|Saturday: 9:30am - 11:00pm|Sunday: 11:00am - 6:00pm"
"125","12881 - 16th Ave Surrey, V4A 1N5","(604) 531-7711","Monday: 9:30am - 7:00pm|Tuesday: 9:30am - 7:00pm|Wednesday: 9:30am - 7:00pm|Thursday: 9:30am - 7:00pm|Friday: 9:30am - 9:00pm|Saturday: 9:30am - 9:00pm|Sunday: 11:00am - 6:00pm"
"126","5966 Main Street Oliver, V0H 1T0","(250) 498-3611","Monday: 9:30am - 7:00pm|Tuesday: 9:30am - 7:00pm|Wednesday: 9:30am - 7:00pm|Thursday: 9:30am - 7:00pm|Friday: 9:30am - 9:00pm|Saturday: 9:30am - 9:00pm|Sunday: 11:00am - 6:00pm"
"127","8110 Main Street Osoyoos, V0H 1V0","(250) 495-7321","Monday: 9:30am - 7:00pm|Tuesday: 9:30am - 7:00pm|Wednesday: 9:30am - 7:00pm|Thursday: 9:30am - 7:00pm|Friday: 9:30am - 9:00pm|Saturday: 9:30am - 9:00pm|Sunday: 11:00am - 6:00pm"
"128","570 Park Royal North West Vancouver, V7T 1A1","(604) 981-0011","Monday: 9:30am - 11:00pm|Tuesday: 9:30am - 11:00pm|Wednesday: 9:30am - 11:00pm|Thursday: 9:30am - 11:00pm|Friday: 9:30am - 11:00pm|Saturday: 9:30am - 11:00pm|Sunday: 11:00am - 6:00pm"
"129","319B East Island Hwy Parksville, V9P 2G3","(250) 248-6531","Monday: 9:30am - 9:00pm|Tuesday: 9:30am - 9:00pm|Wednesday: 9:30am - 9:00pm|Thursday: 9:30am - 9:00pm|Friday: 9:30am - 9:00pm|Saturday: 9:30am - 9:00pm|Sunday: 11:00am - 6:00pm"
"130","810 Island Hwy West, Parksville Parksville, V9P 2B7","(250) 248-3724","Monday: 9:30am - 9:00pm|Tuesday: 9:30am - 9:00pm|Wednesday: 9:30am - 9:00pm|Thursday: 9:30am - 9:00pm|Friday: 9:30am - 9:00pm|Saturday: 9:30am - 9:00pm|Sunday: 11:00am - 6:00pm"
"131","7445 Frontier Street Pemberton, V0N 2L1","(604) 894-6534","Monday: 10:00am - 7:00pm|Tuesday: 10:00am - 7:00pm|Wednesday: 10:00am - 7:00pm|Thursday: 10:00am - 7:00pm|Friday: 10:00am - 9:00pm|Saturday: 10:00am - 9:00pm|Sunday: 11:00am - 6:00pm"
"132","Unit #6 - 4605 Bedwell Harbour Road Pender Island, V0N 2M0","(250) 629-3413","Monday: 9:30am - 7:00pm|Tuesday: 9:30am - 7:00pm|Wednesday: 9:30am - 7:00pm|Thursday: 9:30am - 7:00pm|Friday: 9:30am - 9:00pm|Saturday: 9:30am - 7:00pm|Sunday: 11:00am - 6:00pm"
"133","208 - 15355 24th Ave Surrey, V4A 2H9","(604) 535-8259","Monday: 9:30am - 9:00pm|Tuesday: 9:30am - 9:00pm|Wednesday: 9:30am - 9:00pm|Thursday: 9:30am - 9:00pm|Friday: 9:30am - 11:00pm|Saturday: 9:30am - 11:00pm|Sunday: 11:00am - 6:00pm"
"134","405 - 1301 Main St Penticton, V2A 5E9","(250) 492-1319","Monday: 9:30am - 9:00pm|Tuesday: 9:30am - 9:00pm|Wednesday: 9:30am - 9:00pm|Thursday: 9:30am - 9:00pm|Friday: 9:30am - 11:00pm|Saturday: 9:30am - 11:00pm|Sunday: 11:00am - 6:00pm"
"135","3764 - 10th Ave Port Alberni, V9Y 4W6","(250) 724-9286","Monday: 9:30am - 7:00pm|Tuesday: 9:30am - 7:00pm|Wednesday: 9:30am - 7:00pm|Thursday: 9:30am - 7:00pm|Friday: 9:30am - 9:00pm|Saturday: 9:30am - 9:00pm|Sunday: 11:00am - 6:00pm"
"136","1071 Marine Drive Port Alice, V0N 2N0","(250) 284-3436","Monday: 10:30am - 6:00pm|- Closed for lunch 1pm-2pm|Tuesday: 10:30am - 6:00pm|- Closed for lunch 1pm-2pm|Wednesday: 10:30am - 6:00pm|- Closed for lunch 1pm-2pm|Thursday: 10:30am - 6:00pm|- Closed for lunch 1pm-2pm|Friday: 10:30am - 6:00pm|- Closed for lunch 1pm-2pm|Saturday: 10:30am - 6:00pm|- Closed for lunch 1pm-2pm"
"137","8775 Granville St. Port Hardy, V0N 2P0","(250) 949-6636","Monday: 9:30am - 7:00pm|Tuesday: 9:30am - 7:00pm|Wednesday: 9:30am - 7:00pm|Thursday: 9:30am - 7:00pm|Friday: 9:30am - 9:00pm|Saturday: 9:30am - 9:00pm|Sunday: 11:00am - 6:00pm"
"138","1705 Campbell Way Port McNeill, V0N 2R0","(250) 956-4142","Monday: 9:30am - 6:00pm|Tuesday: 9:30am - 6:00pm|Wednesday: 9:30am - 6:00pm|Thursday: 9:30am - 6:00pm|Friday: 9:30am - 9:00pm|Saturday: 9:30am - 6:00pm"
"139","130 Brew Street Port Moody, V3H 0E4","(604) 933-2094","Monday: 9:30am - 9:00pm|Tuesday: 9:30am - 9:00pm|Wednesday: 9:30am - 9:00pm|Thursday: 9:30am - 9:00pm|Friday: 9:30am - 9:00pm|Saturday: 9:30am - 9:00pm|Sunday: 11:00am - 6:00pm"
"140","91-7100 Alberni St Powell River, V8A 5K9","(604) 485-6311","Monday: 9:30am - 6:00pm|Tuesday: 9:30am - 6:00pm|Wednesday: 9:30am - 6:00pm|Thursday: 9:30am - 6:00pm|Friday: 9:30am - 9:00pm|Saturday: 9:30am - 6:00pm|Sunday: 11:00am - 6:00pm"
"141","5242 Domano Blvd Prince George, V2N 4A1","(250) 964-4333","Monday: 9:30am - 7:00pm|Tuesday: 9:30am - 7:00pm|Wednesday: 9:30am - 7:00pm|Thursday: 9:30am - 7:00pm|Friday: 9:30am - 9:00pm|Saturday: 9:30am - 9:00pm|Sunday: 11:00am - 6:00pm"
"142","6555 Hart Highway Prince George, V2K 2H7","(250) 962-6364","Monday: 9:30am - 7:00pm|Tuesday: 9:30am - 7:00pm|Wednesday: 9:30am - 7:00pm|Thursday: 9:30am - 7:00pm|Friday: 9:30am - 9:00pm|Saturday: 9:30am - 9:00pm|Sunday: 11:00am - 6:00pm"
"143","3173 Massey Drive Prince George, V2N 2S9","(250) 561-5608","Monday: 9:30am - 9:00pm|Tuesday: 9:30am - 9:00pm|Wednesday: 9:30am - 9:00pm|Thursday: 9:30am - 9:00pm|Friday: 9:30am - 11:00pm|Saturday: 9:30am - 11:00pm|Sunday: 11:00am - 6:00pm"
"144","100 2nd Ave W Prince Rupert, V8J 1G3","(250) 624-7424","Monday: 9:30am - 7:00pm|Tuesday: 9:30am - 7:00pm|Wednesday: 9:30am - 7:00pm|Thursday: 9:30am - 7:00pm|Friday: 9:30am - 9:00pm|Saturday: 9:30am - 9:00pm|Sunday: 11:00am - 6:00pm"
"145","130 Harold St Princeton, VOX 1W0","(250) 295-6011","Monday: 9:30am - 7:00pm|Tuesday: 9:30am - 7:00pm|Wednesday: 9:30am - 7:00pm|Thursday: 9:30am - 7:00pm|Friday: 9:30am - 9:00pm|Saturday: 9:30am - 9:00pm|Sunday: 11:00am - 6:00pm"
"146","706 Primrose St Qualicum, V9K 1T2","(250) 752-9931","Monday: 9:30am - 6:00pm|Tuesday: 9:30am - 6:00pm|Wednesday: 9:30am - 6:00pm|Thursday: 9:30am - 6:00pm|Friday: 9:30am - 9:00pm|Saturday: 9:30am - 9:00pm|Sunday: 11:00am - 6:00pm"
"147","115 - 3rd Ave Queen Charlotte City, V0T 1S0","(250) 559-4726","Monday: 10:30am - 6:00pm|- Closed for lunch 1pm-2pm|Tuesday: 10:30am - 6:00pm|- Closed for lunch 1pm-2pm|Wednesday: 10:30am - 6:00pm|- Closed for lunch 1pm-2pm|Thursday: 10:30am - 6:00pm|- Closed for lunch 1pm-2pm|Friday: 10:30am - 8:00pm|- Closed for lunch 1pm-2pm|Saturday: 10:30am - 6:00pm|- Closed for lunch 1pm-2pm|Sunday: 11:00am - 6:00pm"
"148","488 Reid St Quesnel, V2J 2M6","(250) 992-4296","Monday: 9:30am - 9:00pm|Tuesday: 9:30am - 9:00pm|Wednesday: 9:30am - 9:00pm|Thursday: 9:30am - 9:00pm|Friday: 9:30am - 9:00pm|Saturday: 9:30am - 9:00pm|Sunday: 11:00am - 6:00pm"
"149","7531 Hwy 95 Radium, V0A 1M0","(250) 347-9536","Monday: 10:30am - 6:00pm|Tuesday: 10:30am - 6:00pm|Wednesday: 10:30am - 6:00pm|Thursday: 10:30am - 6:00pm|Friday: 10:30am - 8:00pm|Saturday: 10:30am - 6:00pm|Sunday: 11:00am - 6:00pm"
"150","111 Campbell Ave Revelstoke, V0E 2S0","(250) 837-7676","Monday: 9:30am - 7:00pm|Tuesday: 9:30am - 7:00pm|Wednesday: 9:30am - 7:00pm|Thursday: 9:30am - 7:00pm|Friday: 9:30am - 9:00pm|Saturday: 9:30am - 9:00pm|Sunday: 11:00am - 6:00pm"
"151","100 - 8100 Ackroyd Rd Richmond, V6X 3K2","(604) 278-2343","Monday: 9:30am - 9:00pm|Tuesday: 9:30am - 9:00pm|Wednesday: 9:30am - 9:00pm|Thursday: 9:30am - 9:00pm|Friday: 9:30am - 11:00pm|Saturday: 9:30am - 11:00pm|Sunday: 11:00am - 6:00pm"
"152","3170-11666 Steveston Hwy Richmond, V7A 5J3","(604) 664-0701","Monday: 9:30am - 9:00pm|Tuesday: 9:30am - 9:00pm|Wednesday: 9:30am - 9:00pm|Thursday: 9:30am - 9:00pm|Friday: 9:30am - 11:00pm|Saturday: 9:30am - 11:00pm|Sunday: 11:00am - 6:00pm"
"153","10 - 8671 No. 1 Rd Richmond, V7C 1V2","(604) 277-4216","Monday: 9:30am - 9:00pm|Tuesday: 9:30am - 9:00pm|Wednesday: 9:30am - 9:00pm|Thursday: 9:30am - 9:00pm|Friday: 9:30am - 9:00pm|Saturday: 9:30am - 9:00pm|Sunday: 11:00am - 6:00pm"
"154","1716 Robson Street Vancouver, V6G 1E2","(604) 660-9031","Monday: 9:30am - 11:00pm|Tuesday: 9:30am - 11:00pm|Wednesday: 9:30am - 11:00pm|Thursday: 9:30am - 11:00pm|Friday: 9:30am - 11:00pm|Saturday: 9:30am - 11:00pm|Sunday: 11:00am - 6:00pm"
"155","2065 Columbia Ave Rossland, V0G 1Y0","(250) 362-7532","Monday: 9:30 am - 7:00 pm|- Closed for lunch 1pm-2pm|Tuesday: 9:30 am - 7:00 pm|- Closed for lunch 1pm-2pm|Wednesday: 9:30 am - 7:00 pm|- Closed for lunch 1pm-2pm|Thursday: 9:30 am - 7:00 pm|- Closed for lunch 1pm-2pm|Friday: 9:30 am - 9:00 pm|Saturday: 9:30 am - 9:00 pm"
"156","800 McBride Blvd New Westminster, V3L 2B8","(604) 660-8730","Monday: 9:30am - 7:00pm|Tuesday: 9:30am - 7:00pm|Wednesday: 9:30am - 7:00pm|Thursday: 9:30am - 7:00pm|Friday: 9:30am - 9:00pm|Saturday: 9:30am - 7:00pm"
"157","1087 McKenzie Ave Victoria, V8P 2L5","(250) 952-4001","Monday: 9:30am - 9:00pm|Tuesday: 9:30am - 9:00pm|Wednesday: 9:30am - 9:00pm|Thursday: 9:30am - 9:00pm|Friday: 9:30am - 9:00pm|Saturday: 9:30am - 9:00pm|Sunday: 11:00am - 6:00pm"
"158","115 Main St Salmo, V0G 1Z0","(250) 357-9351","Monday: 10:30am - 6:00pm|Tuesday: 10:30am - 6:00pm|Wednesday: 10:30am - 6:00pm|Thursday: 10:30am - 6:00pm|Friday: 10:30am - 6:00pm|Saturday: 10:30am - 6:00pm|Sunday: 11:00am - 6:00pm"
"159","360 Trans-Canada Highway Salmon Arm, V1E 1B6","(250) 833-7447","Monday: 9:30am - 9:00pm|Tuesday: 9:30am - 9:00pm|Wednesday: 9:30am - 9:00pm|Thursday: 9:30am - 9:00pm|Friday: 9:30am - 9:00pm|Saturday: 9:30am - 9:00pm|Sunday: 11:00am - 6:00pm"
"160","7544 Vedder Rd Chilliwack, V2R 4E7","(604) 858-9609","Monday: 9:30am - 9:00pm|Tuesday: 9:30am - 9:00pm|Wednesday: 9:30am - 9:00pm|Thursday: 9:30am - 9:00pm|Friday: 9:30am - 11:00pm|Saturday: 9:30am - 11:00pm|Sunday: 11:00am - 6:00pm"
"161","7017 - 120th St Delta, V4E 2A9","(604) 591-3433","Monday: 9:30am - 9:00pm|Tuesday: 9:30am - 9:00pm|Wednesday: 9:30am - 9:00pm|Thursday: 9:30am - 9:00pm|Friday: 9:30am - 11:00pm|Saturday: 9:30am - 11:00pm|Sunday: 11:00am - 6:00pm"
"162","5755 Cowrie Street Sechelt, V0N 3A0","(604) 885-9794","Monday: 9:30am - 7:00pm|Tuesday: 9:30am - 7:00pm|Wednesday: 9:30am - 7:00pm|Thursday: 9:30am - 7:00pm|Friday: 9:30am - 9:00pm|Saturday: 9:30am - 9:00pm|Sunday: 11:00am - 6:00pm"
"163","1711 152nd Street Surrey, V4A 4N3","(604) 542-3990","Monday: 9:30am - 9:00pm|Tuesday: 9:30am - 9:00pm|Wednesday: 9:30am - 9:00pm|Thursday: 9:30am - 9:00pm|Friday: 9:30am - 9:00pm|Saturday: 9:30am - 9:00pm|Sunday: 11:00am - 6:00pm"
"164","309 Main Street Sicamous, V0E 2V0","(250) 836-2218","Monday: 9:30am - 7:00pm|Tuesday: 9:30am - 7:00pm|Wednesday: 9:30am - 7:00pm|Thursday: 9:30am - 7:00pm|Friday: 9:30am - 9:00pm|Saturday: 9:30am - 7:00pm|Sunday: 11:00am - 6:00pm"
"165","2335 Beacon Ave Sidney, V8L 1W9","(250) 656-3041","Monday: 9:30am - 9:00pm|Tuesday: 9:30am - 9:00pm|Wednesday: 9:30am - 9:00pm|Thursday: 9:30am - 9:00pm|Friday: 9:30am - 9:00pm|Saturday: 9:30am - 9:00pm|Sunday: 11:00am - 6:00pm"
"166","3664 Highway 16 East Smithers, V0J 2N0","(250) 877-4508","Monday: 9:30am - 7:00pm|Tuesday: 9:30am - 7:00pm|Wednesday: 9:30am - 7:00pm|Thursday: 9:30am - 7:00pm|Friday: 9:30am - 9:00pm|Saturday: 9:30am - 9:00pm|Sunday: 11:00am - 6:00pm"
"167","9050-6660 Sooke Rd Sooke, V9Z 0A5","(250) 642-3233","Monday: 9:30am - 7:00pm|Tuesday: 9:30am - 7:00pm|Wednesday: 9:30am - 7:00pm|Thursday: 9:30am - 7:00pm|Friday: 9:30am - 9:00pm|Saturday: 9:30am - 9:00pm|Sunday: 11:00am - 6:00pm"
"168","16 - 4429 Kingsway Burnaby, V5H 2A1","(604) 660-5486","Monday: 9:30am - 7:00pm|Tuesday: 9:30am - 7:00pm|Wednesday: 9:30am - 7:00pm|Thursday: 9:30am - 7:00pm|Friday: 9:30am - 9:00pm|Saturday: 9:30am - 9:00pm|Sunday: 11:00am - 6:00pm"
"169","117 Red Cedar Dr Sparwood, V0B 2G0","(250) 425-6254","Monday: 10:30am - 6:00pm|Tuesday: 10:30am - 6:00pm|Wednesday: 10:30am - 6:00pm|Thursday: 10:30am - 6:00pm|Friday: 10:30am - 8:00pm|Saturday: 10:30am - 6:00pm"
"170","40204 Glenalder Place Squamish, V8B 0G2","(604) 892-3955","Monday: 9:30am - 9:00pm|Tuesday: 9:30am - 9:00pm|Wednesday: 9:30am - 9:00pm|Thursday: 9:30am - 9:00pm|Friday: 9:30am - 9:00pm|Saturday: 9:30am - 9:00pm|Sunday: 11:00am - 6:00pm"
"171","415 4th Ave Stewart, V0T 1W0","(250) 636-2524","Monday: Closed Tuesday: 10:30am - 6:00pm|- Closed for lunch 12pm-1pm|Wednesday: 10:30am - 6:00pm|- Closed for lunch 12pm-1pm|Thursday: 10:30am - 6:00pm|- Closed for lunch 12pm-1pm|Friday: 10:30am - 6:00pm|- Closed for lunch 12pm-1pm|Saturday: 10:30am - 6:00pm|- Closed for lunch 12pm-1pm"
"172","#12 - 13604 Victoria Rd N Summerland, V0H 1Z0","(250) 494-3591","Monday: 9:30am - 7:00pm|Tuesday: 9:30am - 7:00pm|Wednesday: 9:30am - 7:00pm|Thursday: 9:30am - 7:00pm|Friday: 9:30am - 9:00pm|Saturday: 9:30am - 9:00pm|Sunday: 11:00am - 6:00pm"
"173","3240 Eby St Terrace, V8G 5H4","(250) 635-5850","Monday: 9:30am - 9:00pm|Tuesday: 9:30am - 9:00pm|Wednesday: 9:30am - 9:00pm|Thursday: 9:30am - 9:00pm|Friday: 9:30am - 9:00pm|Saturday: 9:30am - 9:00pm|Sunday: 11:00am - 6:00pm"
"174","328 Neill St Tofino, V0R 2Z0","(250) 725-3722","Monday: 10:00am - 7:00pm|Tuesday: 10:00am - 7:00pm|Wednesday: 10:00am - 7:00pm|Thursday: 10:00am - 7:00pm|Friday: 10:00am - 9:00pm|Saturday: 10:00am - 9:00pm|Sunday: 11:00am - 6:00pm"
"175","8 - 7103 W Saanich Rd Brentwood Bay, V8M 1R1","(250) 652-1212","Monday: 9:30am - 7:00pm|Tuesday: 9:30am - 7:00pm|Wednesday: 9:30am - 7:00pm|Thursday: 9:30am - 7:00pm|Friday: 9:30am - 9:00pm|Saturday: 9:30am - 9:00pm|Sunday: 11:00am - 6:00pm"
"176","1629 2nd Ave Trail, V1R 1M3","(250) 364-0558","Monday: 9:30am - 7:00pm|Tuesday: 9:30am - 7:00pm|Wednesday: 9:30am - 7:00pm|Thursday: 9:30am - 7:00pm|Friday: 9:30am - 9:00pm|Saturday: 9:30am - 9:00pm|Sunday: 11:00am - 6:00pm"
"177","1319 H 56th St Delta, V4L 2A6","(604) 943-3322","Monday: 9:30am - 9:00pm|Tuesday: 9:30am - 9:00pm|Wednesday: 9:30am - 9:00pm|Thursday: 9:30am - 9:00pm|Friday: 9:30am - 9:00pm|Saturday: 9:30am - 9:00pm|Sunday: 11:00am - 6:00pm"
"178","225 Main St Tumbler Ridge, V0C 2W0","(250) 242-3366","Monday: 10:30 am - 6:00 pm|Tuesday: 10:30 am - 6:00 pm|Wednesday: 10:30 am - 6:00 pm|Thursday: 10:30 am - 6:00 pm|Friday: 10:30 am - 6:00 pm|Saturday: 10:30 am - 6:00 pm"
"179","101 - 3313 Shrum Lane Vancouver, V6S 0B9","(604) 225-5220","Monday: 10:00am - 9:00pm|Tuesday: 10:00am - 9:00pm|Wednesday: 10:00am - 9:00pm|Thursday: 10:00am - 9:00pm|Friday: 10:00am - 9:00pm|Saturday: 10:00am - 9:00pm|Sunday: 11:00am - 6:00pm"
"180","234 Main St Ucluelet, V0R 3A0","(250) 726-4411","Monday: 10:00am - 6:00pm|Tuesday: 10:00am - 6:00pm|Wednesday: 10:00am - 6:00pm|Thursday: 10:00am - 6:00pm|Friday: 10:00am - 8:00pm|Saturday: 10:00am - 6:00pm|Sunday: 11:00am - 6:00pm"
"181","1163 - 5th Ave Valemount, V0E 2Z0","(250) 566-4200","Monday: 10:30am - 6:00pm|- Closed for lunch 1pm-2pm|Tuesday: 10:30am - 6:00pm|- Closed for lunch 1pm-2pm|Wednesday: 10:30am - 6:00pm|- Closed for lunch 1pm-2pm|Thursday: 10:30am - 6:00pm|- Closed for lunch 1pm-2pm|Friday: 10:30am - 8:00pm|Saturday: 10:30am - 6:00pm"
"182","2557 Burrard St Vanderhoof, V0J 3A0","(250) 567-6310","Monday: 9:30am - 7:00pm|Tuesday: 9:30am - 7:00pm|Wednesday: 9:30am - 7:00pm|Thursday: 9:30am - 7:00pm|Friday: 9:30am - 9:00pm|Saturday: 9:30am - 9:00pm|Sunday: 11:00am - 6:00pm"
"183","4900 27th Street Vernon, V1T 7G7","(250) 503-3610","Monday: 9:30am - 9:00pm|Tuesday: 9:30am - 9:00pm|Wednesday: 9:30am - 9:00pm|Thursday: 9:30am - 9:00pm|Friday: 9:30am - 11:00pm|Saturday: 9:30am - 11:00pm|Sunday: 11:00am - 6:00pm"
"184","501 - 8840 210th St Langley, V1M 2Y2","(604) 513-4640","Monday: 9:30am - 9:00pm|Tuesday: 9:30am - 9:00pm|Wednesday: 9:30am - 9:00pm|Thursday: 9:30am - 9:00pm|Friday: 9:30am - 9:00pm|Saturday: 9:30am - 9:00pm|Sunday: 11:00am - 6:00pm"
"185","2475 Dobbin Rd Westbank, V4T 2E9","(250) 768-7394","Monday: 9:30am - 9:00pm|Tuesday: 9:30am - 9:00pm|Wednesday: 9:30am - 9:00pm|Thursday: 9:30am - 9:00pm|Friday: 9:30am - 11:00pm|Saturday: 9:30am - 11:00pm|Sunday: 11:00am - 6:00pm"
"186","600 - 2945 Jacklin Rd Langford, V9B 5E3","(250) 391-2811","Monday: 9:30am - 9:00pm|Tuesday: 9:30am - 9:00pm|Wednesday: 9:30am - 9:00pm|Thursday: 9:30am - 9:00pm|Friday: 9:30am - 11:00pm|Saturday: 9:30am - 11:00pm|Sunday: 11:00am - 6:00pm"
"187","770 - 2601 Westview Drive North Vancouver, V7N 3X4","(604) 981-0026","Monday: 9:30am - 11:00pm|Tuesday: 9:30am - 11:00pm|Wednesday: 9:30am - 11:00pm|Thursday: 9:30am - 11:00pm|Friday: 9:30am - 11:00pm|Saturday: 9:30am - 11:00pm|Sunday: 11:00am - 6:00pm"
"188","100 - 2748 Lougheed Hwy Port Coquitlam, V3B 6P2","(604) 927-2681","Monday: 9:30am - 11:00pm|Tuesday: 9:30am - 11:00pm|Wednesday: 9:30am - 11:00pm|Thursday: 9:30am - 11:00pm|Friday: 9:30am - 11:00pm|Saturday: 9:30am - 11:00pm|Sunday: 11:00am - 6:00pm"
"189","101 - 10761 King George Blvd. Surrey, V3T 2X6","(604) 581-0511","Monday: 9:30am - 9:00pm|Tuesday: 9:30am - 9:00pm|Wednesday: 9:30am - 9:00pm|Thursday: 9:30am - 9:00pm|Friday: 9:30am - 9:00pm|Saturday: 9:30am - 9:00pm|Sunday: 11:00am - 6:00pm"
"190","2071 Lake Placid Road Whistler, V0N 1B2","(604) 905-4927","Monday: 10:00 am - 7:00 pm|Tuesday: 10:00 am - 7:00 pm|Wednesday: 10:00 am - 7:00 pm|Thursday: 10:00 am - 7:00 pm|Friday: 10:00 am - 9:00 pm|Saturday: 10:00 am - 9:00 pm"
"191","101 - 4360 Lorimer Rd Whistler, V0N 1B0","(604) 932-7251","Monday: 9:30am - 9:00pm|Tuesday: 9:30am - 9:00pm|Wednesday: 9:30am - 9:00pm|Thursday: 9:30am - 9:00pm|Friday: 9:30am - 9:00pm|Saturday: 9:30am - 9:00pm|Sunday: 11:00am - 6:00pm"
"192","4211 Village Square Whistler, V0N 1B4","(604) 932-5050","Monday: 10:00am - 11:00pm|Tuesday: 10:00am - 11:00pm|Wednesday: 10:00am - 11:00pm|Thursday: 10:00am - 11:00pm|Friday: 10:00am - 11:00pm|Saturday: 10:00am - 11:00pm|Sunday: 11:00am - 6:00pm"
"193","730-B Oliver St Williams Lake, V2G 1N1","(250) 398-4218","Monday: 9:30am - 9:00pm|Tuesday: 9:30am - 9:00pm|Wednesday: 9:30am - 9:00pm|Thursday: 9:30am - 9:00pm|Friday: 9:30am - 9:00pm|Saturday: 9:30am - 9:00pm|Sunday: 11:00am - 6:00pm"
"194","11 - 2116 Island Hwy S Campbell River, V9W 1C1","(250) 923-8637","Monday: 9:30am - 7:00pm|Tuesday: 9:30am - 7:00pm|Wednesday: 9:30am - 7:00pm|Thursday: 9:30am - 7:00pm|Friday: 9:30am - 9:00pm|Saturday: 9:30am - 9:00pm|Sunday: 11:00am - 6:00pm"
"195","30 - 10051 Hwy 97 North Winfield, V4V 1P6","(250) 766-4044","Monday: 9:30am - 7:00pm|Tuesday: 9:30am - 7:00pm|Wednesday: 9:30am - 7:00pm|Thursday: 9:30am - 7:00pm|Friday: 9:30am - 9:00pm|Saturday: 9:30am - 9:00pm|Sunday: 11:00am - 6:00pm"
"196","1108 Pacific Boulevard Vancouver, V6Z 2X7","(604) 664-0118","Monday: 9:30am - 9:00pm|Tuesday: 9:30am - 9:00pm|Wednesday: 9:30am - 9:00pm|Thursday: 9:30am - 9:00pm|Friday: 9:30am - 11:00pm|Saturday: 9:30am - 11:00pm|Sunday: 11:00am - 6:00pm"
